"BatdÃ¢mbÃ¢ng, CAMBODIA"
"BÃ¢ntÃ©ay MÃ©anchey, CAMBODIA"
"KaÃ´h Kong, CAMBODIA"
"KÃ¢mpÃ_ng Cham, CAMBODIA"
"KÃ¢mpÃ_ng Chhnang, CAMBODIA"
"KÃ¢mpÃ_ng SpÂœ, CAMBODIA"
"KÃ¢mpÃ_ng Thum, CAMBODIA"
"KÃ¢mpÃ´t, CAMBODIA"
"KÃ¢ndal, CAMBODIA"
"Kep, CAMBODIA"
"KrÃ¢chÃ©h, CAMBODIA"
"Krong Pailin, CAMBODIA"
"Krong Preah Sihanouk, CAMBODIA"
"MÃ´ndÃ_l Kiri, CAMBODIA"
"Otdar Mean Chey, CAMBODIA"
"Phnom Penh, CAMBODIA"
"Pouthisat, CAMBODIA"
"Preah VihÃ©ar, CAMBODIA"
"Prey VÃªng, CAMBODIA"
"RÃ´tÃ¢nÃ´kiri, CAMBODIA"
"SiemrÃ©ab, CAMBODIA"
"StÅ“ng TrÃªng, CAMBODIA"
"Svay Rieng, CAMBODIA"
"TakÃªv, CAMBODIA"
"Attapu, LAOS"
"Bokeo, LAOS"
"Bolikhamxai, LAOS"
"Champasak, LAOS"
"Houaphan, LAOS"
"Khammouan, LAOS"
"Louang Namtha, LAOS"
"Louangphrabang, LAOS"
"OudÃ´mxai, LAOS"
"PhÃ´ngsali, LAOS"
"Saravan, LAOS"
"SavannakhÃ©t, LAOS"
"Vientiane, LAOS"
"Vientiane [prefecture], LAOS"
"Xaignabouri, LAOS"
"XaisÃ´mboun, LAOS"
"XÃ©kong, LAOS"
"Xiangkhoang, LAOS"
"Johor, MALAYSIA"
"Kelantan, MALAYSIA"
"Negeri Sembilan, MALAYSIA"
"Pahang, MALAYSIA"
"Perak, MALAYSIA"
"Perlis, MALAYSIA"
"Pulau Pinang, MALAYSIA"
"Sabah, MALAYSIA"
"Sarawak, MALAYSIA"
"Selangor, MALAYSIA"
"Abra, PHILIPPINES"
"Agusan del Norte, PHILIPPINES"
"Agusan del Sur, PHILIPPINES"
"Aklan, PHILIPPINES"
"Albay, PHILIPPINES"
"Antique, PHILIPPINES"
"Aurora, PHILIPPINES"
"Bataan, PHILIPPINES"
"Batangas, PHILIPPINES"
"Benguet, PHILIPPINES"
"Biliran, PHILIPPINES"
"Bohol, PHILIPPINES"
"Bukidnon, PHILIPPINES"
"Bulacan, PHILIPPINES"
"Cagayan, PHILIPPINES"
"Camarines Norte, PHILIPPINES"
"Camarines Sur, PHILIPPINES"
"Camiguin, PHILIPPINES"
"Capiz, PHILIPPINES"
"Catanduanes, PHILIPPINES"
"Cavite, PHILIPPINES"
"Cebu, PHILIPPINES"
"Compostela Valley, PHILIPPINES"
"Davao del Norte, PHILIPPINES"
"Davao del Sur, PHILIPPINES"
"Davao Oriental, PHILIPPINES"
"Eastern Samar, PHILIPPINES"
"Guimaras, PHILIPPINES"
"Ifugao, PHILIPPINES"
"Ilocos Norte, PHILIPPINES"
"Ilocos Sur, PHILIPPINES"
"Iloilo, PHILIPPINES"
"Isabela, PHILIPPINES"
"Kalinga, PHILIPPINES"
"La Union, PHILIPPINES"
"Laguna, PHILIPPINES"
"Lanao del Norte, PHILIPPINES"
"Lanao del Sur, PHILIPPINES"
"Leyte, PHILIPPINES"
"Maguindanao, PHILIPPINES"
"Masbate, PHILIPPINES"
"Metropolitan Manila, PHILIPPINES"
"Misamis Occidental, PHILIPPINES"
"Misamis Oriental, PHILIPPINES"
"Mountain Province, PHILIPPINES"
"Negros Occidental, PHILIPPINES"
"North Cotabato, PHILIPPINES"
"Nueva Ecija, PHILIPPINES"
"Nueva Vizcaya, PHILIPPINES"
"Palawan, PHILIPPINES"
"Pampanga, PHILIPPINES"
"Pangasinan, PHILIPPINES"
"Quezon, PHILIPPINES"
"Quirino, PHILIPPINES"
"Rizal, PHILIPPINES"
"Samar, PHILIPPINES"
"Sarangani, PHILIPPINES"
"Siquijor, PHILIPPINES"
"Sorsogon, PHILIPPINES"
"South Cotabato, PHILIPPINES"
"Sultan Kudarat, PHILIPPINES"
"Surigao del Norte, PHILIPPINES"
"Surigao del Sur, PHILIPPINES"
"Tarlac, PHILIPPINES"
"Zambales, PHILIPPINES"
"Zamboanga del Norte, PHILIPPINES"
"Zamboanga del Sur, PHILIPPINES"
"Zamboanga Sibugay, PHILIPPINES"
"Singapore, SINGAPORE"
"Changhwa, TAIWAN"
"Chiayi, TAIWAN"
"Hsinchu, TAIWAN"
"Hualien, TAIWAN"
"Ilan, TAIWAN"
"Kaohsiung, TAIWAN"
"Miaoli, TAIWAN"
"Nantou, TAIWAN"
"Penghu, TAIWAN"
"Pingtung, TAIWAN"
"Taichung, TAIWAN"
"Tainan, TAIWAN"
"Taipei, TAIWAN"
"Taitung, TAIWAN"
"Taoyuan, TAIWAN"
"Yunlin, TAIWAN"
"Ang Thong, THAILAND"
"Bangkok Metropolis, THAILAND"
"Buri Ram, THAILAND"
"Chachoengsao, THAILAND"
"Chai Nat, THAILAND"
"Chaiyaphum, THAILAND"
"Chanthaburi, THAILAND"
"Chiang Mai, THAILAND"
"Chiang Rai, THAILAND"
"Chon Buri, THAILAND"
"Chumphon, THAILAND"
"Kalasin, THAILAND"
"Kamphaeng Phet, THAILAND"
"Kanchanaburi, THAILAND"
"Khon Kaen, THAILAND"
"Krabi, THAILAND"
"Lampang, THAILAND"
"Lamphun, THAILAND"
"Loei, THAILAND"
"Lop Buri, THAILAND"
"Mae Hong Son, THAILAND"
"Maha Sarakham, THAILAND"
"Nakhon Nayok, THAILAND"
"Nakhon Pathom, THAILAND"
"Nakhon Phanom, THAILAND"
"Nakhon Ratchasima, THAILAND"
"Nakhon Sawan, THAILAND"
"Nakhon Si Thammarat, THAILAND"
"Nan, THAILAND"
"Narathiwat, THAILAND"
"Nong Khai, THAILAND"
"Nonthaburi, THAILAND"
"Pathum Thani, THAILAND"
"Pattani, THAILAND"
"Phangnga, THAILAND"
"Phatthalung, THAILAND"
"Phayao, THAILAND"
"Phetchabun, THAILAND"
"Phetchaburi, THAILAND"
"Phichit, THAILAND"
"Phitsanulok, THAILAND"
"Phra Nakhon Si Ayutthaya, THAILAND"
"Phrae, THAILAND"
"Phuket, THAILAND"
"Prachin Buri, THAILAND"
"Prachuap Khiri Khan, THAILAND"
"Ranong, THAILAND"
"Ratchaburi, THAILAND"
"Rayong, THAILAND"
"Roi Et, THAILAND"
"Sakon Nakhon, THAILAND"
"Samut Prakan, THAILAND"
"Samut Sakhon, THAILAND"
"Samut Songkhram, THAILAND"
"Saraburi, THAILAND"
"Satun, THAILAND"
"Si Sa Ket, THAILAND"
"Sing Buri, THAILAND"
"Songkhla, THAILAND"
"Sukhothai, THAILAND"
"Suphan Buri, THAILAND"
"Surat Thani, THAILAND"
"Surin, THAILAND"
"Tak, THAILAND"
"Trang, THAILAND"
"Trat, THAILAND"
"Ubon Ratchathani, THAILAND"
"Udon Thani, THAILAND"
"Uthai Thani, THAILAND"
"Uttaradit, THAILAND"
"Yala, THAILAND"
"Yasothon, THAILAND"
"An Giang, VIETNAM"
"BÃ  Rá»‹a - VÅ©ng TÃ u, VIETNAM"
"BÃ¬nh DÆ°Æ¡ng, VIETNAM"
"BÃ¬nh PhÆ°á»›c, VIETNAM"
"BÃ¬nh Thuáº_n, VIETNAM"
"BÃ¬nh Äêá»‹nh, VIETNAM"
"Báº¡c LiÃªu, VIETNAM"
"Báº¯c Giang, VIETNAM"
"Báº¯c Káº¡n, VIETNAM"
"Báº¯c Ninh, VIETNAM"
"Báº¿n Tre, VIETNAM"
"Cao Báº±ng, VIETNAM"
"CÃ  Mau, VIETNAM"
"Cáº§n ThÆ¡, VIETNAM"
"Gia Lai, VIETNAM"
"HÃ  Giang, VIETNAM"
"HÃ  Ná»™i, VIETNAM"
"HÃ  TÃ¢y, VIETNAM"
"HÃ  TÄ©nh, VIETNAM"
"HÃ_a BÃ¬nh, VIETNAM"
"Háº£i DÆ°Æ¡ng, VIETNAM"
"Háº£i PhÃ_ng, VIETNAM"
"Háº_u Giang, VIETNAM"
"Há»“ ChÃ_ Minh city, VIETNAM"
"HÆ°ng YÃªn, VIETNAM"
"KhÃ¡nh HÃ_a, VIETNAM"
"KiÃªn Giang, VIETNAM"
"Kon Tum, VIETNAM"
"Lai ChÃ¢u, VIETNAM"
"LÃ o Cai, VIETNAM"
"LÃ¢m Äêá»“ng, VIETNAM"
"Láº¡ng SÆ¡n, VIETNAM"
"Long An, VIETNAM"
"Nam Äêá»‹nh, VIETNAM"
"Nghá»‡ An, VIETNAM"
"Ninh BÃ¬nh, VIETNAM"
"Ninh Thuáº_n, VIETNAM"
"PhÃº Thá»ç, VIETNAM"
"PhÃº YÃªn, VIETNAM"
"Quáº£ng BÃ¬nh, VIETNAM"
"Quáº£ng Nam, VIETNAM"
"Quáº£ng NgÃ£i, VIETNAM"
"Quáº£ng Ninh, VIETNAM"
"Quáº£ng Trá»‹, VIETNAM"
"SÃ_c TrÄƒng, VIETNAM"
"SÆ¡n La, VIETNAM"
"TÃ¢y Ninh, VIETNAM"
"Thanh HÃ_a, VIETNAM"
"ThÃ¡i BÃ¬nh, VIETNAM"
"ThÃ¡i NguyÃªn, VIETNAM"
"Tiá»Ån Giang, VIETNAM"
"TrÃ  Vinh, VIETNAM"
"TuyÃªn Quang, VIETNAM"
"VÄ©nh Long, VIETNAM"
"VÄ©nh PhÃºc, VIETNAM"
"YÃªn BÃ¡i, VIETNAM"
"ÄêÃ  Náºµng, VIETNAM"
"Äêáº¯k Láº¯k, VIETNAM"
"Äêá»“ng Nai, VIETNAM"
"Äêá»“ng ThÃ¡p, VIETNAM"
"Äêiá»‡n BiÃªn, VIETNAM"
"ÄêÄƒk NÃ´ng, VIETNAM"
