ISO3,Country,FIFA,IOC,ISO2,UNcode,MARC,GAUL,FIPS,WMO,ITU,DS,M49,Continent,TLD,Geoname.ID,EDGAR
TWN,Taiwan,TPE,TPE,TW,158,ch,925,TW,Â ,Â ,RC,NA,AS,.tw,1668284,NA
AFG,Afghanistan,AFG,AFG,AF,4,af,1,AF,AF,AFG,AFG,4,AS,.af,1149361,B2
ALB,Albania,ALB,ALB,AL,8,aa,3,AL,AB,ALB,AL,8,EU,.al,783754,B3
DZA,Algeria,ALG,ALG,DZ,12,ae,4,AG,AL,ALG,DZ,12,AF,.dz,2589581,B4
ASM,American Samoa,ASA,ASA,AS,16,as,5,AQ,Â ,SMA,USA,16,OC,.as,5880801,B5
AND,Andorra,AND,AND,AD,20,an,7,AN,Â ,AND,AND,20,EU,.ad,3041565,B6
AGO,Angola,ANG,ANG,AO,24,ao,8,AO,AN,AGL,AO,24,AF,.ao,3351879,B7
AIA,Anguilla,AIA,AIA,AI,660,am,9,AV,Â ,AIA,Â ,660,NA,.ai,3573511,1A
ATA,Antarctica,ROS,Â ,AQ,10,ay,10,AY,AA,Â ,Â ,10,AN,.aq,6697173,B8
ATG,Antigua and Barbuda,ATG,ANT,AG,28,aq,11,AC,AT,ATG,Â ,28,NA,.ag,3576396,B9
ARG,Argentina,ARG,ARG,AR,32,ag,12,AR,AG,ARG,RA,32,SA,.ar,3865483,C1
ARM,Armenia,ARM,ARM,AM,51,ai,13,AM,AY,ARM,AM,51,AS,.am,174982,1B
ABW,Aruba,ARU,ARU,AW,533,aw,14,AA,NU,ABW,AW,533,NA,.aw,3577279,1C
AUS,Australia,AUS,AUS,AU,36,at,17,AS,AU,AUS,AUS,36,OC,.au,2077456,C3
AUT,Austria,AUT,AUT,AT,40,au,18,AU,OS,AUT,A,40,EU,.at,2782113,C4
AZE,Azerbaijan,AZE,AZE,AZ,31,aj,19,AJ,AJ,AZE,AZ,31,AS,.az,587116,1D
BHS,Bahamas,BAH,BAH,BS,44,bf,20,BF,BA,BAH,BS,44,NA,.bs,3572887,C5
BHR,Bahrain,BHR,BRN,BH,48,ba,21,BA,BN,BHR,BRN,48,AS,.bh,290291,C6
BGD,Bangladesh,BAN,BAN,BD,50,bg,23,BG,BW,BGD,BD,50,AS,.bd,1210997,C7
BRB,Barbados,BRB,BAR,BB,52,bb,24,BB,BR,BRB,BDS,52,NA,.bb,3374084,C8
BLR,Belarus,BLR,BLR,BY,112,bw,26,BO,BY,BLR,BY,112,EU,.by,630336,1F
BEL,Belgium,BEL,BEL,BE,56,be,27,BE,BX,BEL,B,56,EU,.be,2802361,C9
BLZ,Belize,BLZ,BIZ,BZ,84,bh,28,BH,BH,BLZ,BH,84,NA,.bz,3582678,D1
BEN,Benin,BEN,BEN,BJ,204,dm,29,BN,BJ,BEN,DY,204,AF,.bj,2395170,G6
BMU,Bermuda,BER,BER,BM,60,bm,30,BD,BE,BER,BM,60,NA,.bm,3573345,D0
BTN,Bhutan,BHU,BHU,BT,64,bt,31,BT,Â ,BTN,BT,64,AS,.bt,1252634,D2
BOL,Bolivia (Plurinational State of),BOL,BOL,BO,68,bo,33,BL,BO,BOL,BOL,68,SA,.bo,3923057,NA
BES,"Bonaire, Sint Eustatius and Saba",ANT,AHO,BQ,535,ca,176,NL,NU,ATN,NA,535,NA,.bq,7626844,NA
BIH,Bosnia and Herzegovina,BIH,BIH,BA,70,bn,34,BK,BG,BIH,BIH,70,EU,.ba,3277605,1E
BWA,Botswana,BOT,BOT,BW,72,bs,35,BC,BC,BOT,BW,72,AF,.bw,933860,B1
BVT,Bouvet Island,NA,Â ,BV,74,bv,36,BV,BV,Â ,BV,74,AN,.bv,3371123,D4
BRA,Brazil,BRA,BRA,BR,76,bl,37,BR,BZ,B,BR,76,SA,.br,3469034,D5
IOT,British Indian Ocean Territory,NA,Â ,IO,86,bi,38,IO,Â ,BIO,Â ,86,AS,.io,1282588,D6
VGB,British Virgin Islands,VGB,IVB,VG,92,vb,39,VI,VI,VRG,BVI,92,NA,.vg,3577718,NA
BRN,Brunei Darussalam,BRU,BRU,BN,96,bx,40,BX,BD,BRU,BRU,96,AS,.bn,1820814,D9
BGR,Bulgaria,BUL,BUL,BG,100,bu,41,BU,BU,BUL,BG,100,EU,.bg,732800,E0
BFA,Burkina Faso,BFA,BUR,BF,854,uv,42,UV,HV,BFA,BF,854,AF,.bf,2361809,X2
BDI,Burundi,BDI,BDI,BI,108,bd,43,BY,BI,BDI,RU,108,AF,.bi,433561,E2
CPV,Cabo Verde,CPV,CPV,CV,132,cv,47,CV,CV,CPV,CV,132,AF,.cv,3374766,NA
KHM,Cambodia,CAM,CAM,KH,116,cb,44,CB,KP,CBG,K,116,AS,.kh,1831722,E3
CMR,Cameroon,CMR,CMR,CM,120,cm,45,CM,CM,CME,CAM,120,AF,.cm,2233387,E4
CAN,Canada,CAN,CAN,CA,124,xxc,46,CA,CN,CAN,CDN,124,NA,.ca,6251999,NA
CYM,Cayman Islands,CAY,CAY,KY,136,cj,48,CJ,GC,CYM,KY,136,NA,.ky,3580718,E9
CAF,Central African Republic,CTA,CAF,CF,140,cx,49,CT,CE,CAF,RCA,140,AF,.cf,239880,F0
TCD,Chad,CHA,CHA,TD,148,cd,50,CD,CD,TCD,TCH,148,AF,.td,2434508,F2
CHL,Chile,CHI,CHI,CL,152,cl,51,CI,CH,CHL,RCH,152,SA,.cl,3895114,F3
CHN,China,CHN,CHN,CN,156,cc,53,CH,CI,CHN,CN,156,AS,.cn,1814991,F4
HKG,"China, Hong Kong Special Administrative Region",HKG,HKG,HK,344,Â ,33364,HK,HK,HKG,HK,344,AS,.hk,1819730,K3
MAC,"China, Macao Special Administrative Region",MAC,MAC,MO,446,Â ,149,MC,MU,MAC,MO,446,AS,.mo,1821275,NA
CXR,Christmas Island,CXR,Â ,CX,162,xa,54,KT,KI,CHR,AUS,162,OC,.cx,2078138,F6
CCK,Cocos (Keeling) Islands,CCK,Â ,CC,166,xb,56,CK,KK,ICO,AUS,166,AS,.cc,1547376,F7
COL,Colombia,COL,COL,CO,170,ck,57,CO,CO,CLM,CO,170,SA,.co,3686110,F8
COM,Comoros,COM,COM,KM,174,cq,58,CN,IC,COM,KM,174,AF,.km,921929,F9
COG,Congo,CGO,CGO,CG,178,cf,59,CF,CG,COG,RCB,178,AF,.cg,2260494,G0
COK,Cook Islands,COK,COK,CK,184,cw,60,CW,KU,CKH,NZ,184,OC,.ck,1899402,G1
CRI,Costa Rica,CRC,CRC,CR,188,cr,61,CS,CS,CTR,CR,188,NA,.cr,3624060,G2
HRV,Croatia,CRO,CRO,HR,191,ci,62,HR,RH,HRV,HR,191,EU,.hr,3202326,1M
CUB,Cuba,CUB,CUB,CU,192,cu,63,CU,CU,CUB,C,192,NA,.cu,3562981,G3
CUW,Curacao,NA,NA,CW,531,co,NA,UC,NA,NA,NA,531,NA,.cw,7626836,NA
CYP,Cyprus,CYP,CYP,CY,196,cy,64,CY,CY,CYP,CY,196,EU,.cy,146669,G4
CZE,Czechia,CZE,CZE,CZ,203,xr,65,EZ,CZ,CZE,CZ,203,EU,.cz,3077311,NA
CIV,Cote d'Ivoire,CIV,CIV,CI,384,iv,66,IV,IV,CTI,CI,384,AF,.ci,2287781,NA
PRK,Democratic People's Republic of Korea,PRK,PRK,KP,408,kn,67,KN,KR,KRE,Â ,408,AS,.kp,1873107,NA
COD,Democratic Republic of the Congo,COD,COD,CD,180,cg,68,CG,ZR,COD,ZRE,180,AF,.cd,203312,NA
DNK,Denmark,DEN,DEN,DK,208,dk,69,DA,DN,DNK,DK,208,EU,.dk,2623032,G7
DJI,Djibouti,DJI,DJI,DJ,262,ft,70,DJ,DJ,DJI,F,262,AF,.dj,223816,1G
DMA,Dominica,DMA,DMA,DM,212,dq,71,DO,DO,DMA,WD,212,NA,.dm,3575830,G9
DOM,Dominican Republic,DOM,DOM,DO,214,dr,72,DR,DR,DOM,DOM,214,NA,.do,3508796,G8
ECU,Ecuador,ECU,ECU,EC,218,ec,73,EC,EQ,EQA,EC,218,SA,.ec,3658394,H1
EGY,Egypt,EGY,EGY,EG,818,ua,40765,EG,EG,EGY,ET,818,AF,.eg,357994,H2
SLV,El Salvador,SLV,ESA,SV,222,es,75,ES,ES,SLV,ES,222,NA,.sv,3585968,H3
GNQ,Equatorial Guinea,EQG,GEQ,GQ,226,eg,76,EK,GQ,GNE,EQ,226,AF,.gq,2309096,H4
ERI,Eritrea,ERI,ERI,ER,232,ea,77,ER,Â ,ERI,ER,232,AF,.er,338010,1J
EST,Estonia,EST,EST,EE,233,er,78,EN,EO,EST,EST,233,EU,.ee,453733,1H
SWZ,Eswatini,SWZ,SWZ,SZ,748,sq,235,WZ,SV,SWZ,SD,748,AF,.sz,934841,NA
ETH,Ethiopia,ETH,ETH,ET,231,et,79,ET,ET,ETH,ETH,231,AF,.et,337996,H5
FLK,Falkland Islands (Malvinas),FLK,FLK,FK,238,fk,81,FK,FK,FLK,Â ,238,SA,.fk,3474414,NA
FRO,Faroe Islands,FRO,FAR,FO,234,fa,82,FO,FA,FRO,FO,234,EU,.fo,2622320,H6
FJI,Fiji,FIJ,FIJ,FJ,242,fj,83,FJ,FJ,FJI,FJI,242,OC,.fj,2205218,H8
FIN,Finland,FIN,FIN,FI,246,fi,84,FI,FI,FIN,FIN,246,EU,.fi,660013,H9
FRA,France,FRA,FRA,FR,250,fr,85,FR,FR,F,F,250,EU,.fr,3017382,I0
GUF,French Guiana,GUF,FGU,GF,254,fg,86,FG,FG,GUF,F,254,SA,.gf,3381670,I3
PYF,French Polynesia,TAH,FPO,PF,258,fp,87,FP,PF,OCE,F,258,OC,.pf,4030656,I4
ATF,French Southern Territories,NA,Â ,TF,260,fs,88,FS,Â ,Â ,F,260,AN,.tf,1546748,2C
GAB,Gabon,GAB,GAB,GA,266,go,89,GB,GO,GAB,G,266,AF,.ga,2400553,I5
GMB,Gambia,GAM,GAM,GM,270,gm,90,GA,GB,GMB,WAG,270,AF,.gm,2413451,I6
GEO,Georgia,GEO,GEO,GE,268,gs,92,GG,GG,GEO,GE,268,AS,.ge,614540,2Q
DEU,Germany,GER,GER,DE,276,gw,93,GM,DL,D,D,276,EU,.de,2921044,2M
GHA,Ghana,GHA,GHA,GH,288,gh,94,GH,GH,GHA,GH,288,AF,.gh,2300660,J0
GIB,Gibraltar,GBZ,GIB,GI,292,gi,95,GI,GI,GIB,GBZ,292,EU,.gi,2411586,J1
GRC,Greece,GRE,GRE,GR,300,gr,97,GR,GR,GRC,GR,300,EU,.gr,390903,J3
GRL,Greenland,GRL,GRL,GL,304,gl,98,GL,GL,GRL,DK,304,NA,.gl,3425505,J4
GRD,Grenada,GRN,GRN,GD,308,gd,99,GJ,GD,GRD,WG,308,NA,.gd,3580239,J5
GLP,Guadeloupe,GLP,GUD,GP,312,gp,100,GP,MF,GDL,F,312,NA,.gp,3579143,J6
GUM,Guam,GUM,GUM,GU,316,gu,101,GQ,GM,GUM,USA,316,OC,.gu,4043988,GU
GTM,Guatemala,GUA,GUA,GT,320,gt,103,GT,GU,GTM,GCA,320,NA,.gt,3595528,J8
GGY,Guernsey,GBG,Â ,GG,831,uik,104,GK,Â ,Â ,GBG,831,EU,.gg,3042362,Y7
GIN,Guinea,GUI,GUI,GN,324,gv,106,GV,GN,GUI,RG,324,AF,.gn,2420477,J9
GNB,Guinea-Bissau,GNB,GBS,GW,624,pg,105,PU,GW,GNB,GW,624,AF,.gw,2372248,S0
GUY,Guyana,GUY,GUY,GY,328,gy,107,GY,GY,GUY,GUY,328,SA,.gy,3378535,K0
HTI,Haiti,HAI,HAI,HT,332,ht,108,HA,HA,HTI,RH,332,NA,.ht,3723988,K1
HMD,Heard Island and McDonald Islands,NA,Â ,HM,334,hm,109,HM,Â ,Â ,AUS,334,AN,.hm,1547314,K4
VAT,Holy See,VAT,Â ,VA,336,vc,110,VT,Â ,CVA,V,336,EU,.va,3164670,NA
HND,Honduras,HON,HON,HN,340,ho,111,HO,HO,HND,Â ,340,NA,.hn,3608932,K2
HUN,Hungary,HUN,HUN,HU,348,hu,113,HU,HU,HNG,H,348,EU,.hu,719819,K5
ISL,Iceland,ISL,ISL,IS,352,ic,114,IC,IL,ISL,IS,352,EU,.is,2629691,K6
IND,India,IND,IND,IN,356,ii,115,IN,IN,IND,IND,356,AS,.in,1269750,K7
IDN,Indonesia,IDN,INA,ID,360,io,116,ID,ID,INS,RI,360,AS,.id,1643084,K8
IRN,Iran (Islamic Republic of),IRN,IRI,IR,364,ir,117,IR,IR,IRN,IR,364,AS,.ir,130758,NA
IRQ,Iraq,IRQ,IRQ,IQ,368,iq,118,IZ,IQ,IRQ,IRQ,368,AS,.iq,99237,L0
IRL,Ireland,IRL,IRL,IE,372,ie,119,EI,IE,IRL,IRL,372,EU,.ie,2963597,L2
IMN,Isle of Man,GBM,Â ,IM,833,uik,120,IM,Â ,Â ,GBM,833,EU,.im,3042225,Y8
ISR,Israel,ISR,ISR,IL,376,is,121,IS,IS,ISR,IL,376,AS,.il,294640,L3
ITA,Italy,ITA,ITA,IT,380,it,122,IT,IY,I,I,380,EU,.it,3175395,L6
JAM,Jamaica,JAM,JAM,JM,388,jm,123,JM,JM,JMC,JA,388,NA,.jm,3489940,L8
JPN,Japan,JPN,JPN,JP,392,ja,126,JA,JP,J,J,392,AS,.jp,1861060,M0
JEY,Jersey,GBJ,Â ,JE,832,uik,128,JE,Â ,Â ,GBJ,832,EU,.je,3042142,Y9
JOR,Jordan,JOR,JOR,JO,400,jo,130,JO,JD,JOR,HKJ,400,AS,.jo,248816,M2
KAZ,Kazakhstan,KAZ,KAZ,KZ,398,kz,132,KZ,KZ,KAZ,KZ,398,AS,.kz,1522867,NA
KEN,Kenya,KEN,KEN,KE,404,ke,133,KE,KN,KEN,EAK,404,AF,.ke,192950,M3
KIR,Kiribati,KIR,KIR,KI,296,gb,135,KR,KB,KIR,Â ,296,OC,.ki,4030945,J2
KWT,Kuwait,KUW,KUW,KW,414,ku,137,KU,KW,KWT,KWT,414,AS,.kw,285570,M6
KGZ,Kyrgyzstan,KGZ,KGZ,KG,417,kg,138,KG,KG,KGZ,KS,417,AS,.kg,1527747,1N
LAO,Lao People's Democratic Republic,LAO,LAO,LA,418,ls,139,LA,LA,LAO,LAO,418,AS,.la,1655842,NA
LVA,Latvia,LVA,LAT,LV,428,lv,140,LG,LV,LVA,LV,428,EU,.lv,458258,1R
LBN,Lebanon,LIB,LIB,LB,422,le,141,LE,LB,LBN,RL,422,AS,.lb,272103,M8
LSO,Lesotho,LES,LES,LS,426,lo,142,LT,LS,LSO,LS,426,AF,.ls,932692,M9
LBR,Liberia,LBR,LBR,LR,430,lb,144,LI,LI,LBR,LB,430,AF,.lr,2275384,N0
LBY,Libya,LBY,LBA,LY,434,ly,145,LY,LY,LBY,LAR,434,AF,.ly,2215636,NA
LIE,Liechtenstein,LIE,LIE,LI,438,lh,146,LS,Â ,LIE,FL,438,EU,.li,3042058,N2
LTU,Lithuania,LTU,LTU,LT,440,li,147,LH,LT,LTU,LT,440,EU,.lt,597427,1Q
LUX,Luxembourg,LUX,LUX,LU,442,lu,148,LU,BX,LUX,L,442,EU,.lu,2960313,N4
MDG,Madagascar,MAD,MAD,MG,450,mg,150,MA,MG,MDG,RM,450,AF,.mg,1062947,N6
MWI,Malawi,MWI,MAW,MW,454,mw,152,MI,MW,MWI,MW,454,AF,.mw,927384,N7
MYS,Malaysia,MAS,MAS,MY,458,my,153,MY,MS,MLA,MAL,458,AS,.my,1733045,N8
MDV,Maldives,MDV,MDV,MV,462,xc,154,MV,MV,MLD,MV,462,AS,.mv,1282028,N9
MLI,Mali,MLI,MLI,ML,466,ml,155,ML,MI,MLI,RMM,466,AF,.ml,2453866,O0
MLT,Malta,MLT,MLT,MT,470,mm,156,MT,ML,MLT,M,470,EU,.mt,2562770,O1
MHL,Marshall Islands,MHL,MSH,MH,584,xe,157,RM,MH,MHL,Â ,584,OC,.mh,2080185,1T
MTQ,Martinique,MTQ,MRT,MQ,474,mq,158,MB,MR,MRT,F,474,NA,.mq,3570311,O2
MRT,Mauritania,MTN,MTN,MR,478,mu,159,MR,MT,MTN,RIM,478,AF,.mr,2378080,O3
MUS,Mauritius,MRI,MRI,MU,480,mf,160,MP,MA,MAU,MS,480,AF,.mu,934292,O4
MYT,Mayotte,MYT,MAY,YT,175,ot,161,MF,Â ,MYT,Â ,175,AF,.yt,1024031,2P
MEX,Mexico,MEX,MEX,MX,484,mx,162,MX,MX,MEX,MEX,484,NA,.mx,3996063,O5
FSM,Micronesia (Federated States of),FSM,FSM,FM,583,fm,163,FM,Â ,FSM,Â ,583,OC,.fm,2081918,NA
MCO,Monaco,MON,MON,MC,492,mc,166,MN,Â ,MCO,MC,492,EU,.mc,2993457,O9
MNG,Mongolia,MNG,MGL,MN,496,mp,167,MG,MO,MNG,MGL,496,AS,.mn,2029969,P0
MNE,Montenegro,MNE,MGO,ME,499,mo,2647,MJ,Â ,MNE,MNE,499,EU,.me,3194884,Z5
MSR,Montserrat,MSR,MNT,MS,500,mj,168,MH,Â ,MSR,Â ,500,NA,.ms,3578097,P1
MAR,Morocco,MAR,MAR,MA,504,mr,169,MO,MC,MRC,MA,504,AF,.ma,2542007,P2
MOZ,Mozambique,MOZ,MOZ,MZ,508,mz,170,MZ,MZ,MOZ,MOC,508,AF,.mz,1036973,P3
MMR,Myanmar,MYA,MYA,MM,104,br,171,BM,BM,MYA,BUR,104,AS,.mm,1327865,E1
NAM,Namibia,NAM,NAM,NA,516,sx,172,WA,NM,NMB,NAM,516,AF,.na,3355338,T6
NRU,Nauru,NRU,NRU,NR,520,nu,173,NR,NW,NRU,NAU,520,OC,.nr,2110425,P5
NPL,Nepal,NEP,NEP,NP,524,np,175,NP,NP,NPL,NEP,524,AS,.np,1282988,P6
NLD,Netherlands,NED,NED,NL,528,ne,177,NL,NL,HOL,NL,528,EU,.nl,2750405,P7
NCL,New Caledonia,NCL,NCD,NC,540,nl,178,NC,NC,NCL,F,540,OC,.nc,2139685,1W
NZL,New Zealand,NZL,NZL,NZ,554,nz,179,NZ,NZ,NZL,NZ,554,OC,.nz,2186224,Q2
NIC,Nicaragua,NCA,NCA,NI,558,nq,180,NU,NK,NCG,NIC,558,NA,.ni,3617476,Q3
NER,Niger,NIG,NIG,NE,562,ng,181,NG,NR,NGR,RN,562,AF,.ne,2440476,Q4
NGA,Nigeria,NGA,NGR,NG,566,nr,182,NI,NI,NIG,WAN,566,AF,.ng,2328926,Q5
NIU,Niue,NIU,NIU,NU,570,xh,183,NE,Â ,NIU,NZ,570,OC,.nu,4036232,Q6
NFK,Norfolk Island,NFK,NFI,NF,574,nx,184,NF,NF,NFK,AUS,574,OC,.nf,2155115,Q7
MNP,Northern Mariana Islands,NMI,NMA,MP,580,nw,185,CQ,MY,MRA,USA,580,OC,.mp,4041468,1V
NOR,Norway,NOR,NOR,NO,578,no,186,NO,NO,NOR,N,578,EU,.no,3144096,Q8
OMN,Oman,OMA,OMA,OM,512,mk,187,MU,OM,OMA,Â ,512,AS,.om,286963,P4
PAK,Pakistan,PAK,PAK,PK,586,pk,188,PK,PK,PAK,PK,586,AS,.pk,1168579,R0
PLW,Palau,PLW,PLW,PW,585,pw,189,PS,Â ,PLW,Â ,585,OC,.pw,1559582,1Y
PAN,Panama,PAN,PAN,PA,591,pn,191,PM,PM,PNR,PA,591,NA,.pa,3703430,R1
PNG,Papua New Guinea,PNG,PNG,PG,598,pp,192,PP,NG,PNG,PNG,598,OC,.pg,2088628,R2
PRY,Paraguay,PAR,PAR,PY,600,py,194,PA,PY,PRG,PY,600,SA,.py,3437598,R4
PER,Peru,PER,PER,PE,604,pe,195,PE,PR,PRU,PE,604,SA,.pe,3932488,R5
PHL,Philippines,PHI,PHI,PH,608,ph,196,RP,PH,PHL,RP,608,AS,.ph,1694008,R6
PCN,Pitcairn,PCN,Â ,PN,612,pc,197,PC,PT,PTC,Â ,612,OC,.pn,4030699,R8
POL,Poland,POL,POL,PL,616,pl,198,PL,PL,POL,PL,616,EU,.pl,798544,R9
PRT,Portugal,POR,POR,PT,620,po,199,PO,PO,POR,P,620,EU,.pt,2264397,S1
PRI,Puerto Rico,PUR,PUR,PR,630,pr,200,RQ,PU,PTR,USA,630,NA,.pr,4566966,PR
QAT,Qatar,QAT,QAT,QA,634,qa,201,QA,QT,QAT,Q,634,AS,.qa,289688,S3
KOR,Republic of Korea,KOR,KOR,KR,410,ko,202,KS,KO,KOR,ROK,410,AS,.kr,1835841,NA
MDA,Republic of Moldova,MDA,MDA,MD,498,mv,165,MD,RM,MDA,MD,498,EU,.md,617790,NA
ROU,Romania,ROU,ROU,RO,642,rm,203,RO,RO,ROU,RO,642,EU,.ro,798549,S5
RUS,Russian Federation,RUS,RUS,RU,643,ru,204,RS,RS,RUS,RUS,643,EU,.ru,2017370,1Z
RWA,Rwanda,RWA,RWA,RW,646,rw,205,RW,RW,RRW,RWA,646,AF,.rw,49518,S6
REU,Reunion,REU,REU,RE,638,re,206,RE,RE,REU,F,638,AF,.re,935317,NA
BLM,Saint Barthelemy,Â ,Â ,BL,652,sc,NA,TB,Â ,Â ,Â ,652,NA,.gp,3578476,NA
SHN,Saint Helena,SHN,HEL,SH,654,xj,207,SH,HE,SHN,SH,654,AF,.sh,3370751,NA
KNA,Saint Kitts and Nevis,SKN,SKN,KN,659,xd,208,SC,AT,KNA,KN,659,NA,.kn,3575174,U7
LCA,Saint Lucia,LCA,LCA,LC,662,xk,209,ST,LC,LCA,WL,662,NA,.lc,3576468,U9
MAF,Saint Martin (French Part),Â ,Â ,MF,663,st,NA,RN,Â ,Â ,Â ,663,NA,.gp,3578421,NA
SPM,Saint Pierre and Miquelon,SPM,SPM,PM,666,xl,210,SB,FP,SPM,F,666,NA,.pm,3424932,V0
VCT,Saint Vincent and the Grenadines,VIN,VIN,VC,670,xm,211,VC,VG,VCT,WV,670,NA,.vc,3577815,V1
WSM,Samoa,SAM,SAM,WS,882,ws,212,WS,ZM,SMO,WS,882,OC,.ws,4034894,Y0
SMR,San Marino,SMR,SMR,SM,674,sm,213,SM,Â ,SMR,RSM,674,EU,.sm,3168068,S8
STP,Sao Tome and Principe,STP,STP,ST,678,sf,214,TP,TP,STP,ST,678,AF,.st,2410758,S9
Sark,Sark,NA,NA,NA,NA,NA,NA,NA,NA,NA,NA,680,NA,NA,NA,NA
SAU,Saudi Arabia,KSA,KSA,SA,682,su,215,SA,SD,ARS,SA,682,AS,.sa,102358,T0
SEN,Senegal,SEN,SEN,SN,686,sg,217,SG,SG,SEN,SN,686,AF,.sn,2245662,T1
SRB,Serbia,SRB,SRB,RS,688,rb,2648,"RI,KV",YG,SRB,SRB,688,EU,.rs,6290252,Z2
SYC,Seychelles,SEY,SEY,SC,690,se,220,SE,SC,SEY,SY,690,AF,.sc,241170,T2
SLE,Sierra Leone,SLE,SLE,SL,694,sl,221,SL,SL,SRL,WAL,694,AF,.sl,2403846,T8
SGP,Singapore,SIN,SIN,SG,702,si,222,SN,SR,SNG,SGP,702,AS,.sg,1880251,U0
SXM,Sint Maarten (Dutch part),NA,NA,SX,534,sn,NA,NN,NA,NA,NA,534,NA,.sx,7609695,NA
SVK,Slovakia,SVK,SVK,SK,703,xo,223,LO,SQ,SVK,SK,703,EU,.sk,3057568,2B
SVN,Slovenia,SVN,SLO,SI,705,xv,224,SI,LJ,SVN,SLO,705,EU,.si,3190538,2A
SLB,Solomon Islands,SOL,SOL,SB,90,bp,225,BP,SO,SLM,SB,90,OC,.sb,2103350,D7
SOM,Somalia,SOM,SOM,SO,706,so,226,SO,SI,SOM,SO,706,AF,.so,51537,U1
ZAF,South Africa,RSA,RSA,ZA,710,sa,227,SF,ZA,AFS,ZA,710,AF,.za,953987,T3
SGS,South Georgia and the South Sandwich Islands,NA,Â ,GS,239,xs,228,SX,Â ,Â ,Â ,239,AN,.gs,3474415,1L
SSD,South Sudan,NA,NA,SS,728,sd,NA,OD,NA,SSD,NA,728,AF,NA,7909807,NA
ESP,Spain,ESP,ESP,ES,724,sp,229,SP,SP,E,E,724,EU,.es,2510769,U3
LKA,Sri Lanka,SRI,SRI,LK,144,ce,231,CE,SB,CLN,CL,144,AS,.lk,1227603,F1
PSE,State of Palestine,PLE,PLE,PS,275,"gz,wj","91,267","GZ,WE",Â ,Â ,Â ,275,AS,.ps,6254930,NA
SDN,Sudan,SUD,SUD,SD,729,sj,40764,SU,SU,SDN,SUD,729,AF,.sd,366755,V2
SUR,Suriname,SUR,SUR,SR,740,sr,233,NS,SM,SUR,SME,740,SA,.sr,3382998,V3
SJM,Svalbard and Jan Mayen Islands,NA,Â ,SJ,744,Â ,234,"SV,JN",SZ,NOR,Â ,744,EU,.sj,607072,L9
SWE,Sweden,SWE,SWE,SE,752,sw,236,SW,SN,S,S,752,EU,.se,2661886,V7
CHE,Switzerland,SUI,SUI,CH,756,sz,237,SZ,SW,SUI,CH,756,EU,.ch,2658434,V8
SYR,Syrian Arab Republic,SYR,SYR,SY,760,sy,238,SY,SY,SYR,SYR,760,AS,.sy,163843,V9
TJK,Tajikistan,TJK,TJK,TJ,762,ta,239,TI,TA,TJK,TJ,762,AS,.tj,1220409,2D
THA,Thailand,THA,THA,TH,764,th,240,TH,TH,THA,T,764,AS,.th,1605651,W1
MKD,The former Yugoslav Republic of Macedonia,MKD,MKD,MK,807,xn,241,MK,MJ,MKD,MK,807,EU,.mk,718075,NA
TLS,Timor-Leste,TLS,TLS,TL,626,em,242,TT,TM,TLS,RI,626,OC,.tl,1966436,Z3
TGO,Togo,TOG,TOG,TG,768,tg,243,TO,TG,TGO,TG,768,AF,.tg,2363686,W2
TKL,Tokelau,TKL,Â ,TK,772,tl,244,TL,TK,TKL,NZ,772,OC,.tk,4031074,W3
TON,Tonga,TGA,TGA,TO,776,to,245,TN,TO,TON,TO,776,OC,.to,4032283,W4
TTO,Trinidad and Tobago,TRI,TTO,TT,780,tr,246,TD,TD,TRD,TT,780,NA,.tt,3573591,W5
TUN,Tunisia,TUN,TUN,TN,788,ti,248,TS,TS,TUN,TN,788,AF,.tn,2464461,W6
TUR,Turkey,TUR,TUR,TR,792,tu,249,TU,TU,TUR,TR,792,AS,.tr,298795,W8
TKM,Turkmenistan,TKM,TKM,TM,795,tk,250,TX,TR,TKM,TM,795,AS,.tm,1218197,2E
TCA,Turks and Caicos Islands,TCA,TKS,TC,796,tc,251,TK,TI,TCA,Â ,796,NA,.tc,3576916,W7
TUV,Tuvalu,TUV,TUV,TV,798,tv,252,TV,TV,TUV,TV,798,OC,.tv,2110297,2G
UGA,Uganda,UGA,UGA,UG,800,ug,253,UG,UG,UGA,EAU,800,AF,.ug,226074,W9
UKR,Ukraine,UKR,UKR,UA,804,un,254,UP,UR,UKR,UA,804,EU,.ua,690791,2H
ARE,United Arab Emirates,UAE,UAE,AE,784,ts,255,AE,ER,UAE,Â ,784,AS,.ae,290557,C0
GBR,United Kingdom of Great Britain and Northern Ireland,"ENG,NIR,SCO,WAL",GBR,GB,826,xxk,256,UK,UK,G,GB,826,EU,.uk,2635167,NA
TZA,United Republic of Tanzania,TAN,TAN,TZ,834,tz,257,TZ,TN,TZA,EAT,834,AF,.tz,149590,W0
UMI,United States Minor Outlying Islands,NA,Â ,UM,581,"ji,xf,wk,uc,up",NA,"FQ,HQ,DQ,JQ,KQ,MQ,BQ,LQ,WQ",Â ,Â ,USA,581,OC,.um,5854968,2J
VIR,United States Virgin Islands,VIR,ISV,VI,850,vi,258,VQ,VI,VIR,USA,850,NA,.vi,4796775,NA
USA,United States of America,USA,USA,US,840,xxu,259,US,US,USA,USA,840,NA,.us,6252001,NA
URY,Uruguay,URU,URU,UY,858,uy,260,UY,UY,URG,ROU,858,SA,.uy,3439705,X3
UZB,Uzbekistan,UZB,UZB,UZ,860,uz,261,UZ,UZ,UZB,UZ,860,AS,.uz,1512440,2K
VUT,Vanuatu,VAN,VAN,VU,548,nn,262,NH,NV,VUT,VU,548,OC,.vu,2134431,2L
VEN,Venezuela (Bolivarian Republic of),VEN,VEN,VE,862,ve,263,VE,VN,VEN,YV,862,SA,.ve,3625428,NA
VNM,Viet Nam,VIE,VIE,VN,704,vm,264,VM,VS,VTN,VN,704,AS,.vn,1562822,Q1
WLF,Wallis and Futuna Islands,WLF,WAF,WF,876,wf,266,WF,FW,WAL,F,876,OC,.wf,4034749,X8
ESH,Western Sahara,SAH,Â ,EH,732,ss,268,WI,Â ,AOE,Â ,732,AF,.eh,2461445,U5
YEM,Yemen,YEM,YEM,YE,887,ye,269,YM,YE,YEM,YAR,887,AS,.ye,69543,T7
ZMB,Zambia,ZAM,ZAM,ZM,894,za,270,ZA,ZB,ZMB,Z,894,AF,.zm,895949,Y4
ZWE,Zimbabwe,ZIM,ZIM,ZW,716,rh,271,ZI,ZW,ZWE,ZW,716,AF,.zw,878675,Y5
ALA,Aland Islands,ALD,Â ,AX,248,Â ,1242,Â ,Â ,Â ,FIN,248,EU,.ax,661882,NA
